GEOID,distr_name,total_worker_pop,info,finance_realest,prof_sci_mgmt_adm,edu_health,arts_ent_food_rec,otherserv,public_admin,agro,construct,manufact,wholesale,retail,transport_util
5001600US0101,"Congressional District 1 (116th Congress), Alabama",294619,4108,16861,28484,65205,27392,14910,13061,4128,22378,35683,8782,37709,15918
5001600US0102,"Congressional District 2 (116th Congress), Alabama",283125,3390,13627,23390,59322,25033,14492,23672,6461,16577,36424,7351,35000,18386
5001600US0103,"Congressional District 3 (116th Congress), Alabama",298928,4404,16215,23476,69367,23131,14574,16447,4097,18848,52095,7110,34416,14748
5001600US0104,"Congressional District 4 (116th Congress), Alabama",277526,3642,11616,18059,59878,19242,14290,11278,6201,21800,55577,7149,32890,15904
5001600US0105,"Congressional District 5 (116th Congress), Alabama",323913,5651,11623,48174,66888,26266,14814,22959,2703,19510,48193,6259,38037,12836
5001600US0106,"Congressional District 6 (116th Congress), Alabama",330918,7276,31179,35901,75737,24510,19424,13108,3708,22151,30955,11450,36617,18902
5001600US0107,"Congressional District 7 (116th Congress), Alabama",267679,4295,13872,21827,68675,28395,13762,12376,3614,14495,36876,5127,29611,14754
5001600US0200,"Congressional District (at Large) (116th Congress), Alaska",351152,7766,12200,28755,84410,32505,15317,42274,16957,24492,12792,6093,38382,29209
5001600US0401,"Congressional District 1 (116th Congress), Arizona",279352,3555,12297,22640,71353,37443,11904,21792,10966,16617,19492,3905,32895,14493
5001600US0402,"Congressional District 2 (116th Congress), Arizona",307009,5099,18421,41293,77503,33438,14996,23494,4189,16228,18164,5311,37276,11597
5001600US0403,"Congressional District 3 (116th Congress), Arizona",322880,4446,17167,33480,68174,35579,15788,19950,11033,29088,18698,8338,39876,21263
5001600US0404,"Congressional District 4 (116th Congress), Arizona",274206,3908,16101,24830,61775,36265,13662,17247,7566,18993,16378,5063,36908,15510
5001600US0405,"Congressional District 5 (116th Congress), Arizona",373426,7925,37985,45956,82074,32749,17770,14172,2307,22709,37002,10323,44525,17929
5001600US0406,"Congressional District 6 (116th Congress), Arizona",388624,8184,50301,60831,81147,43145,17595,11348,1991,21854,22134,10344,43416,16334
5001600US0407,"Congressional District 7 (116th Congress), Arizona",342511,5559,23424,46253,57805,38306,20071,12429,2257,36473,27363,8967,41564,22040
5001600US0408,"Congressional District 8 (116th Congress), Arizona",339070,6798,34855,35886,77984,30114,16527,16860,1577,21751,20755,8819,47066,20078
5001600US0409,"Congressional District 9 (116th Congress), Arizona",418900,9932,42073,62278,88449,49815,18971,13172,1620,24347,31876,9656,46824,19887
5001600US0501,"Congressional District 1 (116th Congress), Arkansas",290907,4110,11953,16448,72872,20685,13767,14146,14646,18679,43188,7499,35876,17038
5001600US0502,"Congressional District 2 (116th Congress), Arkansas",348395,9116,21791,31025,95371,29414,18417,19832,4805,20485,27541,8419,43505,18674
5001600US0503,"Congressional District 3 (116th Congress), Arkansas",367171,4700,17183,33711,79170,30614,16969,9798,6234,24958,56155,9359,57499,20821
5001600US0504,"Congressional District 4 (116th Congress), Arkansas",285790,3061,10806,17629,68922,21751,12642,14628,12353,20260,47796,5560,35055,15327
5001600US0601,"Congressional District 1 (116th Congress), California",284276,4607,13904,27076,71737,29045,15646,19593,11488,20206,17888,5281,36085,11720
5001600US0602,"Congressional District 2 (116th Congress), California",342085,8982,23725,47406,76922,36268,19100,17583,10800,23583,20735,8562,37004,11415
5001600US0603,"Congressional District 3 (116th Congress), California",317261,4467,14234,28465,76977,30399,13482,23672,17974,22991,23595,7283,36462,17260
5001600US0604,"Congressional District 4 (116th Congress), California",321124,6923,24161,39252,70244,37309,15349,23202,4759,24130,19414,6728,35599,14054
5001600US0605,"Congressional District 5 (116th Congress), California",361052,6185,20582,40053,79660,39741,20256,15868,9565,27739,34570,9901,40066,16866
5001600US0606,"Congressional District 6 (116th Congress), California",336654,6080,21144,41086,74163,35070,17457,35642,2372,22551,16792,8633,36719,18945
5001600US0607,"Congressional District 7 (116th Congress), California",344988,6237,27055,40256,78000,30344,17430,37522,2489,20139,20881,8299,37941,18395
5001600US0608,"Congressional District 8 (116th Congress), California",267817,3622,11233,23160,59110,30208,14210,18800,3152,22508,16015,6235,36503,23061
5001600US0609,"Congressional District 9 (116th Congress), California",319267,4403,17577,30603,69037,26054,16171,17034,13977,26157,27510,9700,37269,23775
5001600US0610,"Congressional District 10 (116th Congress), California",315114,4329,12891,29816,64854,25533,14145,12092,13951,25338,37777,12224,40369,21795
5001600US0611,"Congressional District 11 (116th Congress), California",365287,10219,31537,62888,79393,34416,20325,13052,2049,25441,22402,8423,36838,18304
5001600US0612,"Congressional District 12 (116th Congress), California",454212,29150,40109,115059,80973,51196,19649,13865,906,14155,23499,7963,40141,17547
5001600US0613,"Congressional District 13 (116th Congress), California",394238,14481,22808,71981,98838,41217,22423,14545,1671,20232,25511,7826,32901,19804
5001600US0614,"Congressional District 14 (116th Congress), California",407212,16251,30341,73369,82092,44277,21407,14565,1592,19500,29659,8872,40528,24759
5001600US0615,"Congressional District 15 (116th Congress), California",391659,13272,27443,74253,75444,30112,16912,13765,1920,21822,46732,12279,37382,20323
5001600US0616,"Congressional District 16 (116th Congress), California",272656,2908,8751,20378,59194,23955,13887,13570,31115,18416,28036,8524,29809,14113
5001600US0617,"Congressional District 17 (116th Congress), California",402054,22879,18056,100836,65547,26273,13443,7995,934,13344,81128,8994,31188,11437
5001600US0618,"Congressional District 18 (116th Congress), California",377314,25057,23337,82683,79142,29446,15738,8383,1747,17139,50571,6814,28556,8701
5001600US0619,"Congressional District 19 (116th Congress), California",386742,11792,17554,61671,76201,38463,18777,11758,3320,28180,57552,8198,38735,14541
5001600US0620,"Congressional District 20 (116th Congress), California",332243,5171,12247,32557,71923,37912,15417,14805,42184,22195,22950,9482,34014,11386
5001600US0621,"Congressional District 21 (116th Congress), California",257853,1563,5772,15349,42858,18424,11042,14302,71442,13110,16283,8733,26082,12893
5001600US0622,"Congressional District 22 (116th Congress), California",321559,4666,16829,26515,81673,27773,15313,21635,26075,16540,23497,11205,35239,14599
5001600US0623,"Congressional District 23 (116th Congress), California",292287,3753,12250,24802,67539,26697,13222,23461,28347,20166,17661,7689,31341,15359
5001600US0624,"Congressional District 24 (116th Congress), California",346193,6303,16088,39658,80081,42967,18488,16861,23303,22832,24235,7439,35790,12148
5001600US0625,"Congressional District 25 (116th Congress), California",320469,12801,23267,34381,70987,29320,17146,16320,2361,21917,33353,7679,35222,15715
5001600US0626,"Congressional District 26 (116th Congress), California",348256,7694,24106,42071,68235,34189,18206,17995,22624,19451,34699,10941,36264,11781
5001600US0627,"Congressional District 27 (116th Congress), California",347876,11362,26766,45766,87917,37025,19462,14505,864,15610,25956,13124,32467,17052
5001600US0628,"Congressional District 28 (116th Congress), California",390463,40174,25833,56993,76232,56346,26605,12031,1239,15539,20398,9045,35756,14272
5001600US0629,"Congressional District 29 (116th Congress), California",350624,14727,17997,41036,66464,39851,25958,8277,2426,33778,33987,8516,39999,17608
5001600US0630,"Congressional District 30 (116th Congress), California",401331,30574,34603,63457,84784,44903,24766,8190,1216,20267,27183,9819,38106,13463
5001600US0631,"Congressional District 31 (116th Congress), California",322913,3892,16096,30780,79429,27259,16601,16872,1793,22022,27704,10292,40780,29393
5001600US0632,"Congressional District 32 (116th Congress), California",340455,6006,17923,35739,72755,34785,19047,11784,2164,22497,40645,15436,39627,22047
5001600US0633,"Congressional District 33 (116th Congress), California",369366,31571,37424,72675,76044,36976,15108,8480,1006,10339,27941,11282,27661,12859
5001600US0634,"Congressional District 34 (116th Congress), California",361378,14417,17052,44117,63337,55205,26771,8397,1471,26039,36276,11970,40086,16240
5001600US0635,"Congressional District 35 (116th Congress), California",330832,4279,13839,31272,59908,31485,17464,12573,2481,27040,38163,13075,42387,36866
5001600US0636,"Congressional District 36 (116th Congress), California",287318,4186,13924,32132,57615,45158,17331,12063,9371,22826,14393,5372,38751,14196
5001600US0637,"Congressional District 37 (116th Congress), California",368872,22636,22083,61943,80943,46968,24680,9687,1217,17116,21369,7029,34907,18294
5001600US0638,"Congressional District 38 (116th Congress), California",330798,5333,17698,30725,74367,30321,16921,13818,1557,19595,39964,16010,39045,25444
5001600US0639,"Congressional District 39 (116th Congress), California",356073,7255,27493,42067,79639,35016,15796,13745,1644,17812,42211,18086,38729,16580
5001600US0640,"Congressional District 40 (116th Congress), California",312469,4180,10073,26783,52429,31859,17743,7632,2047,23898,51062,18071,39865,26827
5001600US0641,"Congressional District 41 (116th Congress), California",330258,4045,14250,30077,68885,30429,16491,14232,3193,31298,32600,11347,43397,30014
5001600US0642,"Congressional District 42 (116th Congress), California",348753,5709,20319,37315,73553,34295,16731,19068,2476,30786,35679,11383,42732,18707
5001600US0643,"Congressional District 43 (116th Congress), California",346151,10966,17225,45805,68949,39826,21695,11696,1130,17937,35097,10075,36327,29423
5001600US0644,"Congressional District 44 (116th Congress), California",310704,4926,11422,30590,56233,31348,18996,9655,2187,23074,42908,13758,35337,30270
5001600US0645,"Congressional District 45 (116th Congress), California",388132,10066,41124,65939,81576,34453,17781,11857,1422,15800,46629,14371,36113,11001
5001600US0646,"Congressional District 46 (116th Congress), California",356374,4841,20596,47495,58121,49678,21400,7666,2967,29178,50609,11180,39248,13395
5001600US0647,"Congressional District 47 (116th Congress), California",351857,7465,22663,41645,76342,40105,20874,13165,1629,18780,41376,10565,35494,21754
5001600US0648,"Congressional District 48 (116th Congress), California",374145,8286,39148,58122,70281,39098,21401,10124,2000,18221,41870,12594,40487,12513
5001600US0649,"Congressional District 49 (116th Congress), California",345250,8062,25146,55449,66043,39347,18311,12514,3738,20114,38643,11120,35839,10924
5001600US0650,"Congressional District 50 (116th Congress), California",348338,5618,19961,44581,68595,40453,20292,15555,6742,30559,31224,9014,40986,14758
5001600US0651,"Congressional District 51 (116th Congress), California",288569,3624,11507,30171,58458,39760,17357,17550,7342,22317,20123,6314,37655,16391
5001600US0652,"Congressional District 52 (116th Congress), California",385185,11894,29172,74185,89029,39788,16308,16538,1132,12413,41886,8558,31214,13068
5001600US0653,"Congressional District 53 (116th Congress), California",384656,8567,23525,54825,90955,47653,20709,26693,998,18071,27258,8144,40119,17139
5001600US0801,"Congressional District 1 (116th Congress), Colorado",458259,16009,38868,79704,93321,49720,23151,17680,5275,35483,25198,11709,42598,19543
5001600US0802,"Congressional District 2 (116th Congress), Colorado",435302,12089,24855,68273,99581,54136,20468,17200,7811,26674,36320,9170,44807,13918
5001600US0803,"Congressional District 3 (116th Congress), Colorado",348476,5631,19611,32746,75376,45538,16543,18973,17521,35974,15567,7605,41433,15958
5001600US0804,"Congressional District 4 (116th Congress), Colorado",398908,10626,26895,49191,77764,32940,19259,18723,20891,32903,34015,10722,44694,20285
5001600US0805,"Congressional District 5 (116th Congress), Colorado",353034,9371,23914,46410,79398,38478,20643,24256,3840,26334,20592,5879,39899,14020
5001600US0806,"Congressional District 6 (116th Congress), Colorado",425254,16331,38300,62438,84786,40817,20913,16780,5591,32043,25663,11779,45494,24319
5001600US0807,"Congressional District 7 (116th Congress), Colorado",420141,11249,25007,56417,79226,42611,21192,20173,6084,40519,32761,13209,48971,22722
5001600US0901,"Congressional District 1 (116th Congress), Connecticut",361634,8372,39213,39725,95907,25450,16661,16751,700,18491,37596,7986,38493,16289
5001600US0902,"Congressional District 2 (116th Congress), Connecticut",360438,6034,24101,33173,93975,40105,14496,16022,3039,21788,44922,8751,39080,14952
5001600US0903,"Congressional District 3 (116th Congress), Connecticut",366867,8323,24469,37373,114639,27612,17021,13440,799,20351,39465,9493,38390,15492
5001600US0904,"Congressional District 4 (116th Congress), Connecticut",364818,11004,48101,59154,82553,30915,18303,8301,981,23227,25774,8920,35008,12577
5001600US0905,"Congressional District 5 (116th Congress), Connecticut",356688,8106,28723,38207,92603,26770,17205,12658,1676,23474,43238,9564,40968,13496
5001600US09ZZ,"Congressional Districts not defined (116th Congress), Connecticut",0,0,0,0,0,0,0,0,0,0,0,0,0,0
5001600US1000,"Congressional District (at Large) (116th Congress), Delaware",450946,6360,42969,43984,111889,42118,19493,25452,4582,29997,38131,8983,54853,22135
5001600US1198,"Delegate District (at Large) (116th Congress), District of Columbia",369194,13858,24754,86267,68450,36729,33248,59985,476,10009,4684,1892,17287,11555
5001600US1201,"Congressional District 1 (116th Congress), Florida",328928,4165,25375,37975,66795,42299,17406,25705,3020,23324,15025,5804,46014,16021
5001600US1202,"Congressional District 2 (116th Congress), Florida",287983,4057,16077,29956,63747,30625,13546,31787,7840,21256,14604,4894,36349,13245
5001600US1203,"Congressional District 3 (116th Congress), Florida",309958,4526,18777,31241,91325,31863,15813,16483,4547,18869,15922,5768,38822,16002
5001600US1204,"Congressional District 4 (116th Congress), Florida",385620,6254,47760,53900,79371,40205,18102,17538,1890,23140,22733,9907,43467,21353
5001600US1205,"Congressional District 5 (116th Congress), Florida",316413,4330,23273,35398,71828,34225,16300,25273,2275,19410,14413,7489,41613,20586
5001600US1206,"Congressional District 6 (116th Congress), Florida",311753,5975,21654,34197,68430,37216,16334,13400,2918,25681,19435,7311,43423,15779
5001600US1207,"Congressional District 7 (116th Congress), Florida",380678,11213,34794,61347,83401,47034,18544,13152,1115,22351,20098,9218,42562,15849
5001600US1208,"Congressional District 8 (116th Congress), Florida",309408,4510,17404,41523,66702,34288,15774,15850,2235,21871,29220,5951,40256,13824
5001600US1209,"Congressional District 9 (116th Congress), Florida",370485,5685,21702,44697,70518,70453,17260,12219,3560,24513,16199,9375,49429,24875
5001600US1210,"Congressional District 10 (116th Congress), Florida",405282,8547,24851,53665,70702,89487,16937,10977,1927,28348,17718,10449,50042,21632
5001600US1211,"Congressional District 11 (116th Congress), Florida",245120,2985,14379,26275,53961,27361,14118,10940,3017,20543,13313,5160,39212,13856
5001600US1212,"Congressional District 12 (116th Congress), Florida",320844,6720,29258,43848,73346,31530,15697,11260,1585,22160,18116,8876,44157,14291
5001600US1213,"Congressional District 13 (116th Congress), Florida",340136,6207,31438,47059,76092,39393,18168,13092,1020,18614,24720,7672,42943,13718
5001600US1214,"Congressional District 14 (116th Congress), Florida",380716,8818,40670,60368,86602,41356,17549,12027,1344,24941,18179,9759,41883,17220
5001600US1215,"Congressional District 15 (116th Congress), Florida",355156,6458,30160,41736,72274,42613,16689,13973,5871,25545,18971,10648,50397,19821
5001600US1216,"Congressional District 16 (116th Congress), Florida",344733,5984,28913,45912,71973,39178,18483,12913,5182,27622,20594,9156,45034,13789
5001600US1217,"Congressional District 17 (116th Congress), Florida",274044,4061,15863,29124,55732,29601,14385,12827,11340,26397,13478,5724,42327,13185
5001600US1218,"Congressional District 18 (116th Congress), Florida",337983,6015,23762,45777,72154,39279,19795,13913,3621,26391,17323,8611,44741,16601
5001600US1219,"Congressional District 19 (116th Congress), Florida",328031,5332,25262,43435,65109,45732,17110,10507,2442,34540,11335,7184,46422,13621
5001600US1220,"Congressional District 20 (116th Congress), Florida",362084,7994,22399,44561,81922,42362,20326,14488,3257,26853,15561,9693,48872,23796
5001600US1221,"Congressional District 21 (116th Congress), Florida",347625,6979,26466,55565,70763,41787,20960,10001,2458,28139,13691,9043,47718,14055
5001600US1222,"Congressional District 22 (116th Congress), Florida",377272,8440,34297,60863,70587,44203,22276,12300,654,25899,19213,13107,47553,17880
5001600US1223,"Congressional District 23 (116th Congress), Florida",375169,8378,34614,54396,76717,38571,19480,16345,1578,21842,16339,16849,47330,22730
5001600US1224,"Congressional District 24 (116th Congress), Florida",341402,6575,18995,41593,69056,49009,21010,13805,822,26364,12458,8750,45442,27523
5001600US1225,"Congressional District 25 (116th Congress), Florida",362294,6330,22143,44373,60398,36089,23768,9278,10194,34506,25349,15429,43489,30948
5001600US1226,"Congressional District 26 (116th Congress), Florida",369120,5767,27108,43144,79510,40709,21777,15778,6802,29567,13080,11793,47260,26825
5001600US1227,"Congressional District 27 (116th Congress), Florida",385695,8896,38089,59099,76199,46376,24194,11420,1544,29200,13796,15329,37657,23896
5001600US1301,"Congressional District 1 (116th Congress), Georgia",314979,4522,14722,27696,68707,36819,14991,23535,3789,21550,31421,6415,38220,22592
5001600US1302,"Congressional District 2 (116th Congress), Georgia",255622,2859,15922,18350,61019,22881,12465,19610,8779,14717,29483,5218,31482,12837
5001600US1303,"Congressional District 3 (116th Congress), Georgia",324795,5729,18358,29442,66945,28713,15767,17303,1716,20386,44667,9318,36428,30023
5001600US1304,"Congressional District 4 (116th Congress), Georgia",357316,10150,20926,43307,82590,32966,18262,17929,825,20781,28840,8835,43800,28105
5001600US1305,"Congressional District 5 (116th Congress), Georgia",374474,13767,26314,65246,80573,43480,18842,17151,817,13803,19910,9289,36265,29017
5001600US1306,"Congressional District 6 (116th Congress), Georgia",396780,17687,41521,91124,65441,37091,19043,10029,1034,21023,26170,13176,38052,15389
5001600US1307,"Congressional District 7 (116th Congress), Georgia",396973,14085,30672,62669,68673,37661,20500,10870,797,33394,36692,14832,48321,17807
5001600US1308,"Congressional District 8 (116th Congress), Georgia",291471,3663,14472,22578,68053,26167,13555,26696,9662,17503,31782,6368,36302,14670
5001600US1309,"Congressional District 9 (116th Congress), Georgia",324753,5112,14536,27734,66190,26801,16626,12524,6363,26653,52802,11110,42594,15708
5001600US1310,"Congressional District 10 (116th Congress), Georgia",326494,5013,16573,31691,77151,29130,16060,16597,5478,23206,35241,9147,41632,19575
5001600US1311,"Congressional District 11 (116th Congress), Georgia",390637,11845,32117,61072,71576,37101,16987,13125,1434,31178,36113,12078,46796,19215
5001600US1312,"Congressional District 12 (116th Congress), Georgia",291195,3784,11204,24091,72171,27237,13657,18347,7171,21118,33229,5834,35701,17651
5001600US1313,"Congressional District 13 (116th Congress), Georgia",355421,9753,21217,38391,73645,34436,17211,19846,549,22194,25233,11370,40079,41497
5001600US1314,"Congressional District 14 (116th Congress), Georgia",320155,5021,14493,24929,60562,24349,16430,12335,3153,24876,69842,8636,37094,18435
5001600US1501,"Congressional District 1 (116th Congress), Hawaii",351091,5754,25119,34818,74775,53570,15439,34350,1581,22494,12008,8721,40623,21839
5001600US1502,"Congressional District 2 (116th Congress), Hawaii",326355,4475,20291,33809,64128,57864,14143,25661,8488,27240,8415,6306,37459,18076
5001600US1601,"Congressional District 1 (116th Congress), Idaho",387683,7610,21428,37919,84952,34303,19276,20317,16034,30899,37973,9683,48078,19211
5001600US1602,"Congressional District 2 (116th Congress), Idaho",381018,6115,18060,40610,87684,35223,15992,17612,24185,25070,37293,10635,44072,18467
5001600US1701,"Congressional District 1 (116th Congress), Illinois",309691,5458,20534,33317,85542,26749,13800,16884,618,16682,23442,7135,32529,27001
5001600US1702,"Congressional District 2 (116th Congress), Illinois",296732,5301,17510,27489,79932,24558,13168,14840,1792,12748,30783,5908,32339,30364
5001600US1703,"Congressional District 3 (116th Congress), Illinois",338845,5836,22950,36472,69108,33763,17576,15269,620,24312,36703,10913,36485,28838
5001600US1704,"Congressional District 4 (116th Congress), Illinois",344312,5991,17433,44710,60436,49441,19778,7963,801,22376,50114,10098,34455,20716
5001600US1705,"Congressional District 5 (116th Congress), Illinois",431034,12228,45363,86732,91509,37016,20645,14520,591,18480,33647,11900,36123,22280
5001600US1706,"Congressional District 6 (116th Congress), Illinois",380559,10369,36086,57344,81234,29539,17449,8999,989,18413,47180,15334,38112,19511
5001600US1707,"Congressional District 7 (116th Congress), Illinois",343633,7896,34791,60462,86182,31445,14566,12260,602,8864,26650,8528,28917,22470
5001600US1708,"Congressional District 8 (116th Congress), Illinois",379646,7592,26464,49240,65884,36999,16841,7787,789,21468,59583,15030,44360,27609
5001600US1709,"Congressional District 9 (116th Congress), Illinois",362247,9607,33496,54755,93387,36124,20476,9365,540,13899,27087,10537,32952,20022
5001600US1710,"Congressional District 10 (116th Congress), Illinois",352314,6018,28260,52439,69780,31018,15615,8259,865,15679,53115,15285,40670,15311
5001600US1711,"Congressional District 11 (116th Congress), Illinois",369484,8449,26195,45912,76364,34067,16290,10295,1119,20778,45241,12852,43158,28764
5001600US1712,"Congressional District 12 (116th Congress), Illinois",304420,3841,16368,25202,78794,29198,14889,17910,5551,17401,32181,7065,36033,19987
5001600US1713,"Congressional District 13 (116th Congress), Illinois",333863,5773,20513,25470,98222,35052,15669,15818,6409,16239,32650,7686,37466,16896
5001600US1714,"Congressional District 14 (116th Congress), Illinois",379628,6967,28715,45157,78930,30559,16431,12069,3324,25085,53767,14457,45249,18918
5001600US1715,"Congressional District 15 (116th Congress), Illinois",315171,4630,16104,17837,78065,22935,15028,13261,15732,20076,49235,8920,35294,18054
5001600US1716,"Congressional District 16 (116th Congress), Illinois",333234,4512,16004,23262,74699,28010,15584,11961,9281,20483,57843,9177,40052,22366
5001600US1717,"Congressional District 17 (116th Congress), Illinois",309563,4359,13941,22872,73109,27587,14703,10898,6651,17263,54613,7435,37094,19038
5001600US1718,"Congressional District 18 (116th Congress), Illinois",341588,5175,32664,26667,85479,24397,15570,18513,9985,18374,39442,10276,38680,16366
5001600US17ZZ,"Congressional Districts not defined (116th Congress), Illinois",0,0,0,0,0,0,0,0,0,0,0,0,0,0
5001600US1801,"Congressional District 1 (116th Congress), Indiana",321867,4221,15214,27846,75758,32394,15683,10803,1543,21192,53403,7294,35383,21133
5001600US1802,"Congressional District 2 (116th Congress), Indiana",338408,4404,13055,21508,75297,25804,16110,8926,4782,17304,92000,8427,35905,14886
5001600US1803,"Congressional District 3 (116th Congress), Indiana",357608,5971,18052,24439,72937,28423,17638,8135,5190,20492,92564,9946,38622,15199
5001600US1804,"Congressional District 4 (116th Congress), Indiana",364756,5406,15419,27738,88711,29310,16327,11694,6402,23084,71311,8546,40407,20401
5001600US1805,"Congressional District 5 (116th Congress), Indiana",391963,8821,33442,49942,96004,33803,19298,13106,2949,17767,49410,11384,40485,15552
5001600US1806,"Congressional District 6 (116th Congress), Indiana",338605,3525,14832,23452,78872,28477,13898,12460,6006,22271,74154,7572,37127,15959
5001600US1807,"Congressional District 7 (116th Congress), Indiana",351222,5606,20875,39134,72438,36670,15411,13780,779,21180,38896,11442,46207,28804
5001600US1808,"Congressional District 8 (116th Congress), Indiana",337962,5160,14068,22935,76138,29510,14911,13431,9780,21007,68404,8400,36055,18163
5001600US1809,"Congressional District 9 (116th Congress), Indiana",362023,5785,20068,26980,89257,33919,16433,14785,3785,23291,60374,7795,40881,18670
5001600US1901,"Congressional District 1 (116th Congress), Iowa",401423,6603,25354,29214,94889,29092,16458,9819,14353,25439,71370,11040,48722,19070
5001600US1902,"Congressional District 2 (116th Congress), Iowa",389075,5504,19701,26078,106298,30071,17007,11577,11333,23921,66926,8803,44507,17349
5001600US1903,"Congressional District 3 (116th Congress), Iowa",432607,7891,59593,40656,93944,32593,18574,15606,9623,28027,40889,12880,50745,21586
5001600US1904,"Congressional District 4 (116th Congress), Iowa",386376,6083,18245,21608,97614,26387,16289,12198,25307,25644,60966,13186,44136,18713
5001600US2001,"Congressional District 1 (116th Congress), Kansas",341466,5281,14983,19453,88576,26501,16066,16776,26776,22148,43259,9855,35236,16556
5001600US2002,"Congressional District 2 (116th Congress), Kansas",343689,5666,19847,25786,92636,27541,15628,21561,9241,22325,39267,7330,38368,18493
5001600US2003,"Congressional District 3 (116th Congress), Kansas",398366,11517,36842,62976,87295,32528,16866,13576,2231,23608,35186,13831,42288,19622
5001600US2004,"Congressional District 4 (116th Congress), Kansas",345139,5576,16634,28365,84424,29973,15694,12504,8284,22739,59269,9329,37227,15121
5001600US2101,"Congressional District 1 (116th Congress), Kentucky",290094,3213,10096,18239,68302,21904,14527,12552,13139,18386,52479,5973,34868,16416
5001600US2102,"Congressional District 2 (116th Congress), Kentucky",340706,5615,15846,22662,75844,27866,15680,14467,6802,22970,62164,8702,40579,21509
5001600US2103,"Congressional District 3 (116th Congress), Kentucky",370070,7624,29130,37079,86096,38647,17232,10180,1494,17778,43741,10477,41427,29165
5001600US2104,"Congressional District 4 (116th Congress), Kentucky",357765,6128,28324,35571,77372,29979,14107,14132,4468,20830,49454,10917,41827,24656
5001600US2105,"Congressional District 5 (116th Congress), Kentucky",231651,4467,8784,14937,65611,17885,11246,12352,9328,15181,24904,3980,29966,13010
5001600US2106,"Congressional District 6 (116th Congress), Kentucky",369156,5479,16401,34080,92121,35850,17905,20464,8823,20255,50276,7851,45169,14482
5001600US2201,"Congressional District 1 (116th Congress), Louisiana",377543,5716,22831,41723,85390,40614,19514,17524,11666,32174,23971,12247,42928,21245
5001600US2202,"Congressional District 2 (116th Congress), Louisiana",342902,5623,15579,33788,77739,50271,17075,19165,4972,26761,22418,7472,39733,22306
5001600US2203,"Congressional District 3 (116th Congress), Louisiana",350503,4674,15595,27656,77191,39520,18647,13629,28757,27723,29384,9088,42349,16290
5001600US2204,"Congressional District 4 (116th Congress), Louisiana",294782,4291,12687,22672,73260,29104,16497,18983,14679,21580,23066,6564,35030,16369
5001600US2205,"Congressional District 5 (116th Congress), Louisiana",282083,5179,13475,19429,77352,26168,13717,19840,13497,19130,21025,6825,32807,13639
5001600US2206,"Congressional District 6 (116th Congress), Louisiana",383302,6152,22131,37563,88169,32908,19142,21746,8094,37405,37668,10020,42355,19949
5001600US2301,"Congressional District 1 (116th Congress), Maine",359334,7308,27017,37795,95028,33716,16259,13855,5728,23265,32696,8187,46514,11966
5001600US2302,"Congressional District 2 (116th Congress), Maine",305854,4374,14516,22775,89505,25284,14376,13659,11304,22489,26874,5849,41386,13463
5001600US2401,"Congressional District 1 (116th Congress), Maryland",361916,6003,22609,40090,86998,32299,17751,27212,6190,29423,26773,8716,41736,16116
5001600US2402,"Congressional District 2 (116th Congress), Maryland",377147,6410,23587,48667,95122,31694,18205,37445,726,22555,20434,8411,43521,20370
5001600US2403,"Congressional District 3 (116th Congress), Maryland",400821,9622,25702,64133,103992,33816,22858,39422,734,21089,17700,8684,37060,16009
5001600US2404,"Congressional District 4 (116th Congress), Maryland",397245,8386,20158,60607,85869,36996,23294,49986,511,33581,11158,6329,36840,23530
5001600US2405,"Congressional District 5 (116th Congress), Maryland",391228,6898,18549,59501,84537,29564,20420,64450,1374,33361,11470,5275,35095,20734
5001600US2406,"Congressional District 6 (116th Congress), Maryland",383938,9351,25388,70080,82303,33332,21273,35044,2674,25396,20429,6537,36918,15213
5001600US2407,"Congressional District 7 (116th Congress), Maryland",334922,5998,20812,48908,98283,28165,16859,31953,1119,14321,14907,5759,30310,17528
5001600US2408,"Congressional District 8 (116th Congress), Maryland",404116,11400,27535,81216,89113,32268,27347,46006,1747,27509,12844,5568,29985,11578
5001600US2501,"Congressional District 1 (116th Congress), Massachusetts",351407,5945,22920,28754,106810,32103,15153,15022,2747,19121,37447,8251,40883,16251
5001600US2502,"Congressional District 2 (116th Congress), Massachusetts",381281,7833,23119,39688,118478,30210,16688,14447,2438,21470,40712,8669,42165,15364
5001600US2503,"Congressional District 3 (116th Congress), Massachusetts",391830,10130,21052,54330,97749,31955,17149,13996,1501,22648,57086,8097,42223,13914
5001600US2504,"Congressional District 4 (116th Congress), Massachusetts",397443,9283,34784,57241,112840,28266,15826,14949,1027,20378,36403,11411,41597,13438
5001600US2505,"Congressional District 5 (116th Congress), Massachusetts",420970,13085,33519,77708,123317,32247,19446,14520,709,18410,32167,7359,36100,12383
5001600US2506,"Congressional District 6 (116th Congress), Massachusetts",406279,9827,29167,60184,104967,35858,18699,16774,1318,24220,39161,9485,41981,14638
5001600US2507,"Congressional District 7 (116th Congress), Massachusetts",434624,10631,32056,71005,136052,47263,20473,14918,503,16934,23108,7735,36960,16986
5001600US2508,"Congressional District 8 (116th Congress), Massachusetts",419084,9794,43974,63556,114063,36405,18328,16925,955,23968,23937,8866,41393,16920
5001600US2509,"Congressional District 9 (116th Congress), Massachusetts",367339,6626,23706,38967,92847,37410,17943,16753,3567,33857,26964,9484,45059,14156
5001600US2601,"Congressional District 1 (116th Congress), Michigan",301939,4609,14103,20758,72834,37861,14467,14817,8380,21624,34831,5594,39378,12683
5001600US2602,"Congressional District 2 (116th Congress), Michigan",354096,4282,15420,27911,75070,30644,17943,9198,6674,19382,84699,11053,38141,13679
5001600US2603,"Congressional District 3 (116th Congress), Michigan",358805,5335,20192,33123,82386,31188,17174,10729,5868,18429,69706,11272,39782,13621
5001600US2604,"Congressional District 4 (116th Congress), Michigan",304594,3739,14414,20120,74793,29514,14408,13168,8199,21529,50406,6260,35326,12718
5001600US2605,"Congressional District 5 (116th Congress), Michigan",282733,3953,12829,21977,71145,27909,14119,9367,2025,15621,46655,5900,37775,13458
5001600US2606,"Congressional District 6 (116th Congress), Michigan",342811,4164,16669,26362,78657,32320,16111,8983,6960,18549,76603,7916,35683,13834
5001600US2607,"Congressional District 7 (116th Congress), Michigan",323265,4032,14406,25270,77630,24849,16048,13776,4846,18351,63970,6619,35753,17715
5001600US2608,"Congressional District 8 (116th Congress), Michigan",366338,5903,24521,40984,87723,35059,15624,15254,1676,17619,62803,9522,37781,11869
5001600US2609,"Congressional District 9 (116th Congress), Michigan",357318,6189,24066,43093,75986,34370,16404,11624,632,14804,69312,9260,37535,14043
5001600US2610,"Congressional District 10 (116th Congress), Michigan",341003,4101,17534,27390,71467,27223,15644,13269,5365,23686,76902,7365,38152,12905
5001600US2611,"Congressional District 11 (116th Congress), Michigan",374501,6940,27061,51003,80711,31489,15385,9728,676,17060,76520,10337,35484,12107
5001600US2612,"Congressional District 12 (116th Congress), Michigan",340102,5583,15357,34470,99303,34075,14347,9226,1223,12226,53195,6584,36085,18428
5001600US2613,"Congressional District 13 (116th Congress), Michigan",260444,3605,13505,27085,58316,29526,12777,8401,1094,11642,42698,6010,28414,17371
5001600US2614,"Congressional District 14 (116th Congress), Michigan",290538,5926,19562,35933,71130,31455,13226,9755,647,9586,45174,5512,29339,13293
5001600US26ZZ,"Congressional Districts not defined (116th Congress), Michigan",0,0,0,0,0,0,0,0,0,0,0,0,0,0
5001600US2701,"Congressional District 1 (116th Congress), Minnesota",354534,5691,14137,19746,108278,25155,14456,10568,15854,22128,56679,8966,38837,14039
5001600US2702,"Congressional District 2 (116th Congress), Minnesota",385076,8435,33249,40531,86018,32493,16540,14669,5312,21372,49355,12123,42297,22682
5001600US2703,"Congressional District 3 (116th Congress), Minnesota",388291,7309,42722,54100,83875,27968,16016,8778,1880,16592,56065,13517,44805,14664
5001600US2704,"Congressional District 4 (116th Congress), Minnesota",367869,7614,28664,41496,100603,32246,16934,16717,1675,14931,45111,9780,36839,15259
5001600US2705,"Congressional District 5 (116th Congress), Minnesota",399108,8775,32896,59140,102797,43689,17686,10764,1544,14521,40287,9547,41708,15754
5001600US2706,"Congressional District 6 (116th Congress), Minnesota",383703,4897,25909,33703,88907,27885,17465,12647,4797,31439,60335,11893,44202,19624
5001600US2707,"Congressional District 7 (116th Congress), Minnesota",335865,4261,14966,17557,84944,23140,14678,11700,22632,25535,51174,11625,37591,16062
5001600US2708,"Congressional District 8 (116th Congress), Minnesota",317012,3590,15693,20800,84591,32859,13717,15755,9250,26893,33919,6678,37102,16165
5001600US2801,"Congressional District 1 (116th Congress), Mississippi",328691,3841,14532,20846,75501,25866,14750,12681,5376,20192,60510,9095,39779,25722
5001600US2802,"Congressional District 2 (116th Congress), Mississippi",265041,3432,9926,16972,69149,25563,12566,17916,8416,15368,33789,6604,30161,15179
5001600US2803,"Congressional District 3 (116th Congress), Mississippi",318393,4486,17510,24351,86571,25608,16382,17799,10796,21275,34252,7819,35065,16479
5001600US2804,"Congressional District 4 (116th Congress), Mississippi",316412,3523,14534,22127,72588,42150,14286,18097,8677,24945,34919,6338,38202,16026
5001600US2901,"Congressional District 1 (116th Congress), Missouri",355819,8167,25880,41251,98271,39510,16531,13325,1237,12855,33743,8260,37022,19767
5001600US2902,"Congressional District 2 (116th Congress), Missouri",394261,9255,42259,51797,95138,33029,18832,10063,2214,20399,41485,13935,42569,13286
5001600US2903,"Congressional District 3 (116th Congress), Missouri",387451,7329,28034,32876,79984,33987,17978,21145,4946,32281,51699,10870,47460,18862
5001600US2904,"Congressional District 4 (116th Congress), Missouri",340933,5633,20784,24950,88529,29015,16793,17413,9697,23577,37363,7537,42252,17390
5001600US2905,"Congressional District 5 (116th Congress), Missouri",377658,8672,27300,46758,84315,37154,17821,16509,2819,23664,35515,9666,44008,23457
5001600US2906,"Congressional District 6 (116th Congress), Missouri",371010,7282,22986,32602,87133,28853,16151,18968,10329,23452,47604,10541,42455,22654
5001600US2907,"Congressional District 7 (116th Congress), Missouri",357428,6495,19010,31054,83074,39064,19261,10277,6224,23173,42339,9753,48070,19634
5001600US2908,"Congressional District 8 (116th Congress), Missouri",303534,3598,13146,17884,81804,23208,14394,14354,11982,22279,40777,7030,36542,16536
5001600US3000,"Congressional District (at Large) (116th Congress), Montana",507249,8722,27939,42671,118555,56889,25365,30418,34417,41436,23909,11816,59466,25646
5001600US3101,"Congressional District 1 (116th Congress), Nebraska",337962,5995,23723,29151,84272,26325,14940,18129,10456,23132,38633,8919,36995,17292
5001600US3102,"Congressional District 2 (116th Congress), Nebraska",346906,8038,36741,41955,83881,29081,14855,10512,2413,23844,27447,9421,40031,18687
5001600US3103,"Congressional District 3 (116th Congress), Nebraska",308968,4570,14016,14728,72719,21262,13806,11736,30348,21125,36957,9692,36995,21014
5001600US3201,"Congressional District 1 (116th Congress), Nevada",319581,4145,14490,36916,36169,106948,16486,5977,772,23842,10674,4360,40422,18380
5001600US3202,"Congressional District 2 (116th Congress), Nevada",341990,5282,16877,33807,62049,53780,15515,20016,15154,24902,25277,10068,40240,19023
5001600US3203,"Congressional District 3 (116th Congress), Nevada",390349,6892,28523,44948,65947,106782,15503,14445,1166,18116,13455,7701,44063,22808
5001600US3204,"Congressional District 4 (116th Congress), Nevada",318683,5047,17684,35571,53703,72195,15638,17630,4419,25181,10906,6374,37099,17236
5001600US3301,"Congressional District 1 (116th Congress), New Hampshire",370407,8292,26983,42165,85892,34292,15609,13884,2196,24266,45039,10115,47125,14549
5001600US3302,"Congressional District 2 (116th Congress), New Hampshire",353610,6841,19367,36502,92609,28640,15880,14543,3620,25666,44785,10013,43024,12120
5001600US3401,"Congressional District 1 (116th Congress), New Jersey",357859,7302,25940,42421,96128,30048,14584,17005,821,19760,26475,12707,42921,21747
5001600US3402,"Congressional District 2 (116th Congress), New Jersey",331780,4420,16772,28931,82997,47897,14608,19723,5015,23705,23383,9625,37617,17087
5001600US3403,"Congressional District 3 (116th Congress), New Jersey",356324,7962,26006,40305,91951,27517,15060,24056,1117,22386,23070,11288,45869,19737
5001600US3404,"Congressional District 4 (116th Congress), New Jersey",347543,10077,31874,43749,88376,28257,14853,18111,803,24006,21587,10530,38998,16322
5001600US3405,"Congressional District 5 (116th Congress), New Jersey",379033,11831,34776,51761,96539,26848,16380,11679,1486,21309,30660,14842,42713,18209
5001600US3406,"Congressional District 6 (116th Congress), New Jersey",361842,10664,30893,54371,78577,27718,14909,13078,592,20498,29387,12532,40559,28064
5001600US3407,"Congressional District 7 (116th Congress), New Jersey",385413,14791,42180,58676,85079,26953,15388,12498,1579,18887,41663,13675,39016,15028
5001600US3408,"Congressional District 8 (116th Congress), New Jersey",398962,11663,37597,58103,70240,36383,19484,11379,375,29569,33426,15003,41745,33995
5001600US3409,"Congressional District 9 (116th Congress), New Jersey",366162,9448,26888,43620,81301,27394,20754,11325,298,21457,40261,15205,43252,24959
5001600US3410,"Congressional District 10 (116th Congress), New Jersey",349258,9410,24619,42757,92648,28621,16463,15345,291,15303,21336,8851,37792,35822
5001600US3411,"Congressional District 11 (116th Congress), New Jersey",385964,13390,40606,61960,93807,26766,16571,13982,704,18669,34718,12924,37400,14467
5001600US3412,"Congressional District 12 (116th Congress), New Jersey",370462,11411,33124,59215,87956,25768,15345,16477,979,19307,33883,12177,35477,19343
5001600US3501,"Congressional District 1 (116th Congress), New Mexico",319761,6494,17241,46855,82685,36440,17616,20332,3381,22143,13554,6810,35603,10607
5001600US3502,"Congressional District 2 (116th Congress), New Mexico",274573,3089,11353,22014,70021,31037,12840,20803,20654,20225,11225,5715,30992,14605
5001600US3503,"Congressional District 3 (116th Congress), New Mexico",288401,3883,13640,33648,70267,33903,14595,24419,12279,19080,10763,4573,35250,12101
5001600US3601,"Congressional District 1 (116th Congress), New York",353117,9214,22510,42489,97190,25190,15737,19272,2437,29083,20241,11059,40729,17966
5001600US3602,"Congressional District 2 (116th Congress), New York",369805,10086,25665,39697,98625,26932,15480,18764,626,25510,29269,12208,42619,24324
5001600US3603,"Congressional District 3 (116th Congress), New York",351960,11363,41018,50957,94679,23964,14662,12865,771,19438,18987,12450,34927,15879
5001600US3604,"Congressional District 4 (116th Congress), New York",366733,10221,35558,46066,106484,26952,17011,18277,442,21147,15305,11223,37337,20710
5001600US3605,"Congressional District 5 (116th Congress), New York",368165,7190,23373,32717,115756,28976,18720,21644,280,23683,10820,6487,38192,40327
5001600US3606,"Congressional District 6 (116th Congress), New York",357361,8916,34370,41207,85259,40729,27148,13481,402,23003,13460,10429,34387,24570
5001600US3607,"Congressional District 7 (116th Congress), New York",349854,18438,26413,54779,73436,50349,19528,9304,551,20257,16288,7678,35221,17612
5001600US3608,"Congressional District 8 (116th Congress), New York",350455,12861,23394,43806,110142,31677,16788,17547,531,15929,9688,5693,32891,29508
5001600US3609,"Congressional District 9 (116th Congress), New York",350076,14874,25774,47204,116137,29160,19068,14372,145,15225,8050,6655,29663,23749
5001600US3610,"Congressional District 10 (116th Congress), New York",383006,22309,60806,75721,88146,37097,15276,8495,457,12869,12324,9988,28102,11416
5001600US3611,"Congressional District 11 (116th Congress), New York",329452,8315,31636,37182,95894,26031,14337,18706,266,23424,10215,7766,32493,23187
5001600US3612,"Congressional District 12 (116th Congress), New York",442346,33364,82184,104235,85137,37786,17600,11111,185,8343,13592,10617,28918,9274
5001600US3613,"Congressional District 13 (116th Congress), New York",361762,12374,26515,42440,101800,57049,23548,10719,127,13839,11854,6087,36678,18732
5001600US3614,"Congressional District 14 (116th Congress), New York",347876,9190,22161,37374,76579,53059,23082,11719,512,29160,14597,6700,34560,29183
5001600US3615,"Congressional District 15 (116th Congress), New York",282979,3641,16208,24565,86477,39248,17116,7956,286,13947,9377,5283,35102,23773
5001600US3616,"Congressional District 16 (116th Congress), New York",351841,9637,31818,41511,114392,29712,18510,15107,525,20457,11107,7511,32416,19138
5001600US3617,"Congressional District 17 (116th Congress), New York",360313,10931,30941,50344,103727,31861,20027,15155,655,22932,16742,9232,34153,13613
5001600US3618,"Congressional District 18 (116th Congress), New York",345611,9291,23549,37628,93215,28814,15657,20282,2025,22790,21510,9367,42673,18810
5001600US3619,"Congressional District 19 (116th Congress), New York",331149,6171,17620,27857,94088,31246,15645,19809,6681,26094,24380,7233,38434,15891
5001600US3620,"Congressional District 20 (116th Congress), New York",366724,7304,25368,41416,98913,31696,16772,37795,1356,17535,26028,7682,40092,14767
5001600US3621,"Congressional District 21 (116th Congress), New York",312372,4476,12679,22293,87306,31002,13852,24459,7312,22091,28503,5149,40317,12933
5001600US3622,"Congressional District 22 (116th Congress), New York",318808,5052,17345,24061,94451,30161,14558,16881,5142,18316,34928,6989,36923,14001
5001600US3623,"Congressional District 23 (116th Congress), New York",314196,4049,10761,21547,95451,29379,14978,13795,8688,18536,44506,5119,35551,11836
5001600US3624,"Congressional District 24 (116th Congress), New York",333886,6587,19756,29981,98932,28775,15152,13818,4449,18660,32578,9411,38943,16844
5001600US3625,"Congressional District 25 (116th Congress), New York",352682,8922,19166,42331,112848,29459,15201,9908,1143,14175,39953,7650,39625,12301
5001600US3626,"Congressional District 26 (116th Congress), New York",338470,6083,27892,32986,96118,35547,14693,14475,705,13768,33189,8340,39053,15621
5001600US3627,"Congressional District 27 (116th Congress), New York",354024,4756,22276,30564,91185,30819,16131,17933,7037,22790,46652,9160,39925,14796
5001600US3701,"Congressional District 1 (116th Congress), North Carolina",334252,5112,14961,31379,95769,31048,16616,16249,5370,20340,42621,7090,35027,12670
5001600US3702,"Congressional District 2 (116th Congress), North Carolina",387339,8931,24927,51688,83872,31872,17535,21966,4439,27947,42658,10873,44650,15981
5001600US3703,"Congressional District 3 (116th Congress), North Carolina",304559,4065,14538,24737,71810,33164,16521,24633,7446,23378,28374,5961,37231,12701
5001600US3704,"Congressional District 4 (116th Congress), North Carolina",453599,12316,34586,84139,109610,43303,20091,20680,1535,23591,35198,10087,42932,15531
5001600US3705,"Congressional District 5 (116th Congress), North Carolina",335604,4430,18994,30673,84278,30293,16568,10697,4984,23728,47345,7984,40930,14700
5001600US3706,"Congressional District 6 (116th Congress), North Carolina",350840,4714,16680,30317,82638,28376,17681,13171,4384,25781,60544,8926,40832,16796
5001600US3707,"Congressional District 7 (116th Congress), North Carolina",341221,5340,17095,31141,75888,36369,16981,15070,10481,28574,35637,7662,45168,15815
5001600US3708,"Congressional District 8 (116th Congress), North Carolina",330427,5022,18557,27823,81006,32490,17996,21562,4190,21937,36367,7710,40613,15154
5001600US3709,"Congressional District 9 (116th Congress), North Carolina",344101,6668,33347,34883,76223,27889,17125,12765,5040,23492,41726,9516,40544,14883
5001600US3710,"Congressional District 10 (116th Congress), North Carolina",343281,4677,16116,30213,72043,33333,17481,11673,2756,20342,63004,9625,43584,18434
5001600US3711,"Congressional District 11 (116th Congress), North Carolina",328914,4644,14055,25511,79785,36362,16726,12992,5301,26260,49914,7099,39071,11194
5001600US3712,"Congressional District 12 (116th Congress), North Carolina",449510,11513,56088,62351,80845,48338,20766,9501,1220,30317,36822,13577,50347,27825
5001600US3713,"Congressional District 13 (116th Congress), North Carolina",362175,4618,20933,34477,78759,34443,18545,9854,2725,20557,58804,11901,46790,19769
5001600US3800,"Congressional District (at Large) (116th Congress), North Dakota",400841,5326,22777,26997,100705,32030,17129,19328,37800,29387,27490,14337,44853,22682
5001600US3901,"Congressional District 1 (116th Congress), Ohio",354929,5988,26604,44253,86580,32643,14909,11966,1007,17720,45489,9996,39505,18269
5001600US3902,"Congressional District 2 (116th Congress), Ohio",349478,5898,26485,40685,81375,30668,15420,11724,2664,19415,47801,8912,42525,15906
5001600US3903,"Congressional District 3 (116th Congress), Ohio",390079,8058,35220,45516,91553,40786,16742,16179,937,16667,30101,9878,50829,27613
5001600US3904,"Congressional District 4 (116th Congress), Ohio",333508,3898,12681,22441,73130,26525,15019,11770,5913,17767,84488,8144,34857,16875
5001600US3905,"Congressional District 5 (116th Congress), Ohio",363164,4403,14746,26896,86595,31202,14830,10519,6143,19099,81037,9119,39792,18783
5001600US3906,"Congressional District 6 (116th Congress), Ohio",297884,3907,11370,19663,77498,23911,13986,10517,9426,20713,43350,6653,37377,19513
5001600US3907,"Congressional District 7 (116th Congress), Ohio",344761,4981,16553,25376,76927,29599,16117,10627,7747,23568,68345,9587,37718,17616
5001600US3908,"Congressional District 8 (116th Congress), Ohio",348299,4439,19639,30966,77251,31740,14995,11453,4114,18865,68403,9671,40387,16376
5001600US3909,"Congressional District 9 (116th Congress), Ohio",329066,5933,17283,30315,75779,39261,14833,12877,1611,16891,50303,8610,37732,17638
5001600US3910,"Congressional District 10 (116th Congress), Ohio",332140,6340,18750,35629,85662,31725,14535,20310,1728,15227,42687,7160,38296,14091
5001600US3911,"Congressional District 11 (116th Congress), Ohio",297636,5011,21046,31367,88965,31913,13698,11312,607,10051,34279,6724,29454,13209
5001600US3912,"Congressional District 12 (116th Congress), Ohio",388860,8362,41447,44873,92889,34091,16190,16840,3152,17881,41043,11379,44662,16051
5001600US3913,"Congressional District 13 (116th Congress), Ohio",332478,5141,14752,28788,79960,34015,15845,11249,1558,17555,53664,8627,44334,16990
5001600US3914,"Congressional District 14 (116th Congress), Ohio",356761,5779,27188,37000,84685,27717,16248,10856,2669,19751,64437,11430,36223,12778
5001600US3915,"Congressional District 15 (116th Congress), Ohio",362633,6773,27682,34741,94508,29009,14251,18976,3621,21685,38034,11056,41262,21035
5001600US3916,"Congressional District 16 (116th Congress), Ohio",367901,6224,25692,36413,85154,31451,17102,11539,3663,20258,57861,11424,43685,17435
5001600US4001,"Congressional District 1 (116th Congress), Oklahoma",383924,9742,24851,39722,82471,36861,21006,12108,9384,26001,46129,11774,42574,21301
5001600US4002,"Congressional District 2 (116th Congress), Oklahoma",293648,3361,12684,17593,69681,28571,13727,18913,13896,21752,36547,6666,32378,17879
5001600US4003,"Congressional District 3 (116th Congress), Oklahoma",345887,5438,15927,22265,75051,30869,18314,21874,30866,24600,31496,8630,40235,20322
5001600US4004,"Congressional District 4 (116th Congress), Oklahoma",357868,5136,19123,29003,84718,33332,18426,30808,17013,23177,29075,8034,43279,16744
5001600US4005,"Congressional District 5 (116th Congress), Oklahoma",380001,6205,24891,39463,82831,38955,20891,24504,13899,30806,26432,10347,45335,15442
5001600US4101,"Congressional District 1 (116th Congress), Oregon",420736,8593,28375,54800,84546,35481,16823,15332,8837,24081,68173,13007,45905,16783
5001600US4102,"Congressional District 2 (116th Congress), Oregon",348351,5911,14961,29144,78044,37675,17351,18195,21529,23895,33399,7454,45049,15744
5001600US4103,"Congressional District 3 (116th Congress), Oregon",441799,9655,25944,58619,104670,49267,22922,15615,4553,23603,42171,14507,48172,22101
5001600US4104,"Congressional District 4 (116th Congress), Oregon",344471,5135,15742,30077,92165,35346,16483,15581,12599,19653,36649,8398,42790,13853
5001600US4105,"Congressional District 5 (116th Congress), Oregon",379286,5442,21876,38918,83999,33383,17897,23439,15089,26499,40366,11691,44659,16028
5001600US4201,"Congressional District 1 (116th Congress), Pennsylvania",375586,7992,28777,49069,89227,28713,15475,11380,1925,24397,45495,13165,44948,15023
5001600US4202,"Congressional District 2 (116th Congress), Pennsylvania",308350,4831,16408,30158,84109,26837,17042,19575,976,18820,24972,8865,34955,20802
5001600US4203,"Congressional District 3 (116th Congress), Pennsylvania",329006,8066,22794,47027,112889,32490,13387,18739,836,7536,15423,4683,27923,17213
5001600US4204,"Congressional District 4 (116th Congress), Pennsylvania",380342,8760,36698,57701,95334,27394,17778,9653,1007,21115,43053,10719,37832,13298
5001600US4205,"Congressional District 5 (116th Congress), Pennsylvania",344136,6384,27945,42584,100530,31128,17527,12924,1101,17069,24918,8148,34325,19553
5001600US4206,"Congressional District 6 (116th Congress), Pennsylvania",366551,7058,33308,50936,83826,28460,15122,8409,8497,19684,47675,10823,38170,14583
5001600US4207,"Congressional District 7 (116th Congress), Pennsylvania",352988,6416,19793,34329,88012,31701,15465,10314,2132,19035,48804,12102,41904,22981
5001600US4208,"Congressional District 8 (116th Congress), Pennsylvania",321180,5180,19771,26313,78711,31619,14482,15512,2700,18896,35816,9093,42442,20645
5001600US4209,"Congressional District 9 (116th Congress), Pennsylvania",332990,4504,14137,24392,83347,25367,15047,12890,5978,20525,55509,9586,40984,20724
5001600US4210,"Congressional District 10 (116th Congress), Pennsylvania",363296,5250,25067,38188,85331,29054,17645,28294,2270,18112,37231,10375,42517,23962
5001600US4211,"Congressional District 11 (116th Congress), Pennsylvania",367428,4737,18066,29921,82209,29483,19020,10900,8545,30043,60299,12554,43431,18220
5001600US4212,"Congressional District 12 (116th Congress), Pennsylvania",321086,4053,12641,21390,87379,25114,14696,13559,10575,22177,46079,7745,37537,18141
5001600US4213,"Congressional District 13 (116th Congress), Pennsylvania",322888,4145,13644,23229,75948,26072,16074,16653,8720,23172,45563,9431,39844,20393
5001600US4214,"Congressional District 14 (116th Congress), Pennsylvania",323089,4545,16410,27940,79943,27508,15889,10614,8498,22353,39530,9439,39967,20453
5001600US4215,"Congressional District 15 (116th Congress), Pennsylvania",306685,3221,11669,18302,84939,21798,15642,13978,9402,20316,46506,5866,36000,19046
5001600US4216,"Congressional District 16 (116th Congress), Pennsylvania",319519,4386,17888,23858,83736,30254,15750,11577,4780,18238,51072,7841,36261,13878
5001600US4217,"Congressional District 17 (116th Congress), Pennsylvania",365747,6528,33231,47454,90841,29531,16230,10286,3297,19113,35299,10802,41008,22127
5001600US4218,"Congressional District 18 (116th Congress), Pennsylvania",351131,6748,29341,43485,103855,33953,16477,11853,2407,16962,24717,7950,37453,15930
5001600US4401,"Congressional District 1 (116th Congress), Rhode Island",260272,4316,17611,26144,72758,27149,11896,9365,1234,13865,27291,6220,32229,10194
5001600US4402,"Congressional District 2 (116th Congress), Rhode Island",267700,4534,18523,26970,71571,28446,11671,11517,1385,14990,29669,6665,31858,9901
5001600US4501,"Congressional District 1 (116th Congress), South Carolina",370505,7821,22724,52047,80810,42992,18182,19486,1886,25943,31331,7768,42653,16862
5001600US4502,"Congressional District 2 (116th Congress), South Carolina",332992,5839,24181,33264,75347,28771,17774,22882,2971,22722,33685,8457,39191,17908
5001600US4503,"Congressional District 3 (116th Congress), South Carolina",295865,3843,12158,24001,67362,24008,15147,8922,3825,19354,61913,7763,34123,13446
5001600US4504,"Congressional District 4 (116th Congress), South Carolina",341006,6830,18673,38719,71188,31777,18491,8858,1854,19447,62589,10982,37419,14179
5001600US4505,"Congressional District 5 (116th Congress), South Carolina",311866,5432,20703,28962,60626,24683,15679,13315,3046,19507,53873,10236,37081,18723
5001600US4506,"Congressional District 6 (116th Congress), South Carolina",275365,4791,12781,24513,63760,30922,13435,16373,3899,20376,28696,5041,35074,15704
5001600US4507,"Congressional District 7 (116th Congress), South Carolina",299708,4046,17143,24525,63108,42916,14448,10975,4546,20723,32781,6587,44473,13437
5001600US4600,"Congressional District (at Large) (116th Congress), South Dakota",442773,6524,31914,27637,107772,39830,19596,20303,29129,32118,45662,12908,50581,18799
5001600US4701,"Congressional District 1 (116th Congress), Tennessee",304350,4235,14488,23111,70694,37072,13795,10671,3316,19930,48135,5955,39793,13155
5001600US4702,"Congressional District 2 (116th Congress), Tennessee",348784,7186,20374,40273,84308,34754,15345,11554,3318,21390,35960,10005,46067,18250
5001600US4703,"Congressional District 3 (116th Congress), Tennessee",318793,4045,20529,31889,69438,28388,15761,11234,2437,21639,48520,6410,38007,20496
5001600US4704,"Congressional District 4 (116th Congress), Tennessee",363421,6762,20718,29461,76052,30609,16919,13975,5162,24858,64842,8185,44687,21191
5001600US4705,"Congressional District 5 (116th Congress), Tennessee",410205,11642,29229,51624,97367,49227,20354,16508,1174,26765,32764,9856,44067,19628
5001600US4706,"Congressional District 6 (116th Congress), Tennessee",346240,5440,19293,29874,72048,29940,17432,14961,5943,25020,51023,11395,42452,21419
5001600US4707,"Congressional District 7 (116th Congress), Tennessee",324113,5884,19596,31734,75102,27838,15635,17155,4116,21692,45516,6826,36835,16184
5001600US4708,"Congressional District 8 (116th Congress), Tennessee",315127,3622,17780,26143,75745,23153,15933,16325,4233,16865,45269,10013,36892,23154
5001600US4709,"Congressional District 9 (116th Congress), Tennessee",316776,4584,14329,32510,68701,33025,15899,14408,659,15671,26880,10091,36081,43938
5001600US4801,"Congressional District 1 (116th Congress), Texas",303248,4444,13383,23703,76867,26842,17293,10427,17085,22910,30191,7697,37833,14573
5001600US4802,"Congressional District 2 (116th Congress), Texas",406752,6001,28202,57988,77539,32412,20596,9425,19177,30937,43244,16152,37963,27116
5001600US4803,"Congressional District 3 (116th Congress), Texas",440421,17873,51556,77725,88133,36431,19235,10378,3774,21382,37650,12759,50111,13414
5001600US4804,"Congressional District 4 (116th Congress), Texas",323383,4452,18103,26506,74288,23708,15527,16218,9121,27246,40499,9300,41243,17172
5001600US4805,"Congressional District 5 (116th Congress), Texas",329526,6430,19696,36299,68393,28277,17126,12305,8122,34244,29371,8287,41095,19881
5001600US4806,"Congressional District 6 (116th Congress), Texas",388299,6960,28879,37224,87234,33399,19953,14488,4821,24832,42362,13591,45525,29031
5001600US4807,"Congressional District 7 (116th Congress), Texas",403248,5687,33840,64840,77895,35548,22025,7647,20470,25684,33955,16162,39380,20115
5001600US4808,"Congressional District 8 (116th Congress), Texas",374740,4926,20308,42118,72753,30302,21147,16698,21437,33513,34112,13369,41037,23020
5001600US4809,"Congressional District 9 (116th Congress), Texas",378381,4432,20301,45573,84771,39193,26090,11740,6202,36559,23793,9076,46912,23739
5001600US4810,"Congressional District 10 (116th Congress), Texas",421341,9234,28118,57481,85542,33887,19100,20128,14531,32533,40387,13811,46853,19736
5001600US4811,"Congressional District 11 (116th Congress), Texas",345821,4187,16763,25380,69592,27108,19848,13625,45347,29229,23280,9537,41550,20375
5001600US4812,"Congressional District 12 (116th Congress), Texas",387549,5843,26354,39936,80504,33945,20579,16154,9367,29052,40339,11598,45053,28825
5001600US4813,"Congressional District 13 (116th Congress), Texas",321325,3783,15265,20876,70854,31098,18277,16254,23347,24180,32956,8689,37175,18571
5001600US4814,"Congressional District 14 (116th Congress), Texas",329511,3342,16309,33464,75539,30529,16692,14568,6448,36901,39641,6990,33055,16033
5001600US4815,"Congressional District 15 (116th Congress), Texas",309197,4455,14007,25749,84548,27756,16519,16167,11725,24607,17937,9196,40718,15813
5001600US4816,"Congressional District 16 (116th Congress), Texas",308664,5984,15846,33854,79472,31931,13263,23878,2623,16678,19438,8825,36337,20535
5001600US4817,"Congressional District 17 (116th Congress), Texas",364418,6251,20584,37054,94088,33851,18950,17888,10292,25656,34904,8627,40591,15682
5001600US4818,"Congressional District 18 (116th Congress), Texas",358957,5111,18788,47144,66064,31810,20262,9989,10000,38318,31261,12004,38975,29231
5001600US4819,"Congressional District 19 (116th Congress), Texas",326497,4447,17970,21124,86875,30868,17497,15535,24214,23478,19185,9559,38489,17256
5001600US4820,"Congressional District 20 (116th Congress), Texas",369592,5905,35377,40505,87249,46003,17248,16281,3801,31473,19696,6451,43917,15686
5001600US4821,"Congressional District 21 (116th Congress), Texas",409076,11448,33228,61554,90856,44904,21078,19420,7169,26629,23530,10109,44766,14385
5001600US4822,"Congressional District 22 (116th Congress), Texas",424102,6855,28431,55706,106096,28580,18488,13164,19777,25544,41547,15157,44416,20341
5001600US4823,"Congressional District 23 (116th Congress), Texas",316540,4241,21108,26980,72701,29789,13115,19119,20748,26611,18677,7325,35343,20783
5001600US4824,"Congressional District 24 (116th Congress), Texas",443680,13049,51178,70795,74420,43855,21077,9368,3213,23000,35853,16433,48881,32558
5001600US4825,"Congressional District 25 (116th Congress), Texas",350559,7904,22129,48785,78188,29684,17362,21266,8701,24399,29450,8387,39848,14456
5001600US4826,"Congressional District 26 (116th Congress), Texas",446786,12854,45611,57060,91757,41515,20795,14202,4627,24293,36289,16420,52824,28539
5001600US4827,"Congressional District 27 (116th Congress), Texas",330901,3851,16014,26551,73284,32689,16755,17617,16076,34785,30274,9042,37453,16510
5001600US4828,"Congressional District 28 (116th Congress), Texas",299633,3071,15467,23370,76377,25650,15830,16782,11665,24135,12515,8689,38532,27550
5001600US4829,"Congressional District 29 (116th Congress), Texas",326163,2709,11844,31879,48639,30812,20523,7332,4527,60523,36202,10813,36116,24244
5001600US4830,"Congressional District 30 (116th Congress), Texas",346074,6790,27231,38098,70781,30545,18055,12310,1993,34765,29029,9554,39332,27591
5001600US4831,"Congressional District 31 (116th Congress), Texas",391790,8840,26714,52390,90824,33773,18364,25954,3420,27555,34415,9454,45277,14810
5001600US4832,"Congressional District 32 (116th Congress), Texas",409352,11507,41666,67550,79148,36546,24119,7939,3791,28423,34337,11400,44734,18192
5001600US4833,"Congressional District 33 (116th Congress), Texas",324963,3485,15350,33826,43323,36695,19987,5181,2412,56761,38551,11406,35641,22345
5001600US4834,"Congressional District 34 (116th Congress), Texas",269296,3178,10991,19887,80088,24958,13797,14281,13603,20331,14691,5903,34212,13376
5001600US4835,"Congressional District 35 (116th Congress), Texas",387946,7761,21794,43307,77837,50609,20355,19649,3518,43819,22809,9234,48542,18712
5001600US4836,"Congressional District 36 (116th Congress), Texas",317893,2551,13636,28212,62667,26722,16266,11640,9875,37720,44627,9271,33646,21060
5001600US4901,"Congressional District 1 (116th Congress), Utah",352195,5583,18762,36797,74638,29223,14697,27467,9792,23026,48495,7944,39030,16741
5001600US4902,"Congressional District 2 (116th Congress), Utah",354472,6883,22171,40219,78638,37035,16522,16020,6857,24860,33214,9064,43043,19946
5001600US4903,"Congressional District 3 (116th Congress), Utah",356555,10570,25085,52168,88561,34301,16196,10744,3998,22483,28757,9952,41405,12335
5001600US4904,"Congressional District 4 (116th Congress), Utah",388818,9188,32762,50677,77566,31145,17010,14747,4864,30448,42928,10047,46438,20998
5001600US5000,"Congressional District (at Large) (116th Congress), Vermont",328742,5835,14725,29154,93787,31833,14151,16137,8652,23391,34874,7014,38810,10379
5001600US5101,"Congressional District 1 (116th Congress), Virginia",388589,6502,24643,56209,80656,30741,18222,46196,3218,31957,20315,8341,43789,17800
5001600US5102,"Congressional District 2 (116th Congress), Virginia",341445,5444,23161,41004,75308,37217,14896,34054,2259,23322,24174,7374,39931,13301
5001600US5103,"Congressional District 3 (116th Congress), Virginia",338810,5287,16675,37401,80515,33621,16285,28424,1093,21227,38032,6223,37861,16166
5001600US5104,"Congressional District 4 (116th Congress), Virginia",358890,5849,25338,40139,84136,32671,17436,30063,2230,21449,29123,7910,40827,21719
5001600US5105,"Congressional District 5 (116th Congress), Virginia",335096,4836,15739,33341,91330,27115,18469,18314,6808,25035,33348,6462,39052,15247
5001600US5106,"Congressional District 6 (116th Congress), Virginia",356243,6145,18409,31328,93432,35070,18136,15391,5946,23081,41460,8729,42893,16223
5001600US5107,"Congressional District 7 (116th Congress), Virginia",393068,7264,37832,48593,89488,32527,19473,26319,3412,28332,24062,9825,45386,20555
5001600US5108,"Congressional District 8 (116th Congress), Virginia",457710,12554,29034,109671,73730,41765,33546,69155,797,28526,10466,4218,29706,14542
5001600US5109,"Congressional District 9 (116th Congress), Virginia",292408,3854,11252,23064,79955,24402,13843,15368,8581,17170,39794,5991,36412,12722
5001600US5110,"Congressional District 10 (116th Congress), Virginia",431600,13447,29069,106648,80417,33832,20887,36597,2607,27358,20144,5494,38752,16348
5001600US5111,"Congressional District 11 (116th Congress), Virginia",424864,10606,27460,101293,80567,37728,25723,46562,483,24458,10573,5321,37389,16701
5001600US5301,"Congressional District 1 (116th Congress), Washington",374292,12528,21306,67600,68568,26414,16107,14133,5801,27781,49389,9464,41379,13822
5001600US5302,"Congressional District 2 (116th Congress), Washington",359125,7579,18938,37843,75449,37149,17408,15554,3838,26109,50858,7894,44660,15846
5001600US5303,"Congressional District 3 (116th Congress), Washington",322719,5409,17673,32164,68727,27122,15705,15193,6357,26991,38443,9406,36642,22887
5001600US5304,"Congressional District 4 (116th Congress), Washington",310589,3365,9682,28650,63870,23540,12380,14632,45308,19998,27614,10177,31743,19630
5001600US5305,"Congressional District 5 (116th Congress), Washington",314641,4877,18692,27032,87617,29792,14971,16044,8098,19344,26250,9919,37562,14443
5001600US5306,"Congressional District 6 (116th Congress), Washington",300063,4700,15050,28644,70853,31743,15528,25934,5051,19969,26134,6288,34731,15438
5001600US5307,"Congressional District 7 (116th Congress), Washington",452760,16015,29001,92465,100702,46109,21330,12596,1883,18921,32603,10162,55595,15378
5001600US5308,"Congressional District 8 (116th Congress), Washington",362488,8055,19569,45943,71898,30137,14249,16150,8272,26988,39941,13669,44533,23084
5001600US5309,"Congressional District 9 (116th Congress), Washington",387234,11595,22030,64891,75915,41662,18287,12459,2168,19551,36892,11274,44270,26240
5001600US5310,"Congressional District 10 (116th Congress), Washington",329945,4872,15647,29631,74299,30536,15153,35867,4432,24515,26255,9249,40129,19360
5001600US5401,"Congressional District 1 (116th Congress), West Virginia",264970,3123,9944,20994,75777,26049,10740,16248,11129,16925,22580,5443,32240,13778
5001600US5402,"Congressional District 2 (116th Congress), West Virginia",268038,4762,12957,23355,66586,24874,11608,22926,7356,18084,22540,5955,32178,14857
5001600US5403,"Congressional District 3 (116th Congress), West Virginia",209607,2805,7631,13610,61687,19836,9527,12092,12663,10440,14373,4761,28541,11641
5001600US5501,"Congressional District 1 (116th Congress), Wisconsin",363014,5182,19896,29752,80028,29657,15165,11986,4303,21774,71667,11625,42565,19414
5001600US5502,"Congressional District 2 (116th Congress), Wisconsin",418203,10844,29464,48523,111843,36082,16827,18537,9218,21927,48657,9512,43719,13050
5001600US5503,"Congressional District 3 (116th Congress), Wisconsin",367036,5199,20622,22440,89271,31270,14508,13334,15443,20892,59397,8945,47606,18109
5001600US5504,"Congressional District 4 (116th Congress), Wisconsin",332759,5795,19017,36053,88457,36780,14945,11521,1602,12483,48619,7202,33794,16491
5001600US5505,"Congressional District 5 (116th Congress), Wisconsin",387744,6495,27610,37001,90993,30070,16039,10310,4074,21348,74172,13740,41861,14031
5001600US5506,"Congressional District 6 (116th Congress), Wisconsin",366442,5099,18752,25409,75516,29140,15399,12683,9181,20505,90913,8650,39737,15458
5001600US5507,"Congressional District 7 (116th Congress), Wisconsin",350254,4299,19534,20762,80400,27775,14691,12882,15412,23988,65632,8745,38649,17485
5001600US5508,"Congressional District 8 (116th Congress), Wisconsin",379088,5301,23357,27169,77119,32504,14886,11072,9801,24339,82597,10966,40840,19137
5001600US5600,"Congressional District (at Large) (116th Congress), Wyoming",290963,4495,11604,19427,68798,31231,12946,17712,33414,23314,12071,5678,31864,18409
5001600US7298,"Resident Commissioner District (at Large) (116th Congress), Puerto Rico",1028500,18417,56070,102012,242192,99529,56200,90322,13830,54464,91761,28226,137171,38306